<?xml version="1.0" encoding="UTF-8"?>
<!-- Generated by JClic - https://projectestac.github.io/jclic -->
<manifest identifier="JClic-6A676A" version="1.0" xmlns="http://www.imsproject.org/xsd/imscp_rootv1p1p2" xmlns:adlcp="http://www.adlnet.org/xsd/adlcp_rootv1p2" xmlns:xsi="http://www.w3.org/2001/XMLSchema-instance" xsi:schemaLocation= "http://www.imsproject.org/xsd/imscp_rootv1p1p2 imscp_rootv1p1p2.xsd http://www.imsglobal.org/xsd/imsmd_rootv1p2p1 imsmd_rootv1p2p1.xsd http://www.adlnet.org/xsd/adlcp_rootv1p2 adlcp_rootv1p2.xsd">
 <metadata> 
  <schema>ADL SCORM</schema>
  <schemaversion>1.2</schemaversion>
 </metadata> 
 <organizations default="JClic">  
  <organization identifier="JClic">  
   <title>Atividade com Folclore</title>
   <item identifier="ITEM_JClic-6A676A" identifierref="RES_JClic-6A676A">
    <title>Atividade com Folclore</title>
   </item>
  </organization>
 </organizations>
 <resources>
  <resource identifier="RES_JClic-6A676A" type="webcontent" href="/index.html" adlcp:scormtype="sco"> 
   <file href="apontador.png"/>
   <file href="aviao.jpg"/>
   <file href="beijo.png"/>
   <file href="boca.jpg"/>
   <file href="borracha.png"/>
   <file href="boto3.png"/>
   <file href="boto4.png"/>
   <file href="caerno.png"/>
   <file href="caneta.png"/>
   <file href="compaco.png"/>
   <file href="download.jpg"/>
   <file href="escola.zip.jclic"/>
   <file href="escola.zip.jclic.js"/>
   <file href="estojo.png"/>
   <file href="favicon.ico"/>
   <file href="hqdefault.jpg"/>
   <file href="icon-192.png"/>
   <file href="icon-72.png"/>
   <file href="imsmanifest.xml"/>
   <file href="index.html"/>
   <file href="lancheira.png"/>
   <file href="lapisdecera.png"/>
   <file href="lapisdecor.png"/>
   <file href="lapiseira.png"/>
   <file href="massinha.png"/>
   <file href="mochila.png"/>
   <file href="oculos-resized.jpg"/>
   <file href="onibus-resized.jpg"/>
   <file href="ovelha-resized.jpg"/>
   <file href="papel.png"/>
   <file href="project-cover.jpg"/>
   <file href="project-thumb.jpg"/>
   <file href="project.json"/>
   <file href="regua.png"/>
   <file href="tesoura.png"/>
  </resource>
 </resources>
</manifest>