<?xml version="1.0" encoding="UTF-8"?>
<!-- Generated by JClic - https://projectestac.github.io/jclic -->
<manifest identifier="JClic-E85762" version="1.0" xmlns="http://www.imsproject.org/xsd/imscp_rootv1p1p2" xmlns:adlcp="http://www.adlnet.org/xsd/adlcp_rootv1p2" xmlns:xsi="http://www.w3.org/2001/XMLSchema-instance" xsi:schemaLocation= "http://www.imsproject.org/xsd/imscp_rootv1p1p2 imscp_rootv1p1p2.xsd http://www.imsglobal.org/xsd/imsmd_rootv1p2p1 imsmd_rootv1p2p1.xsd http://www.adlnet.org/xsd/adlcp_rootv1p2 adlcp_rootv1p2.xsd">
 <metadata> 
  <schema>ADL SCORM</schema>
  <schemaversion>1.2</schemaversion>
 </metadata> 
 <organizations default="JClic">  
  <organization identifier="JClic">  
   <title>MAT2A</title>
   <item identifier="ITEM_JClic-E85762" identifierref="RES_JClic-E85762">
    <title>MAT2A</title>
   </item>
  </organization>
 </organizations>
 <resources>
  <resource identifier="RES_JClic-E85762" type="webcontent" href="/index.html" adlcp:scormtype="sco"> 
   <file href="10.png"/>
   <file href="11.png"/>
   <file href="13.png"/>
   <file href="15.png"/>
   <file href="15_.png"/>
   <file href="17.png"/>
   <file href="2.png"/>
   <file href="24.png"/>
   <file href="3.png"/>
   <file href="32.png"/>
   <file href="amanda-resized.jpg"/>
   <file href="captura_de_tela_2024-06-23_073646.png"/>
   <file href="captura_de_tela_2024-06-23_090622.png"/>
   <file href="captura_de_tela_2024-06-23_092629.png"/>
   <file href="captura_de_tela_2024-06-23_093454.png"/>
   <file href="favicon.ico"/>
   <file href="icon-192.png"/>
   <file href="icon-72.png"/>
   <file href="img0015-resized.jpg"/>
   <file href="img_006.png"/>
   <file href="img_007.png"/>
   <file href="img_008.png"/>
   <file href="img_009.png"/>
   <file href="imsmanifest.xml"/>
   <file href="index.html"/>
   <file href="lara-resized.jpg"/>
   <file href="mat2a.jclic"/>
   <file href="mat2a.jclic.js"/>
   <file href="md_12.png"/>
   <file href="md_14.png"/>
   <file href="md_22.png"/>
   <file href="md_26.png"/>
   <file href="project-cover.jpg"/>
   <file href="project-thumb.jpg"/>
   <file href="project.json"/>
  </resource>
 </resources>
</manifest>