<?xml version="1.0" encoding="UTF-8"?>
<!-- Generated by JClic - https://projectestac.github.io/jclic -->
<manifest identifier="JClic-FDD388" version="1.0" xmlns="http://www.imsproject.org/xsd/imscp_rootv1p1p2" xmlns:adlcp="http://www.adlnet.org/xsd/adlcp_rootv1p2" xmlns:xsi="http://www.w3.org/2001/XMLSchema-instance" xsi:schemaLocation= "http://www.imsproject.org/xsd/imscp_rootv1p1p2 imscp_rootv1p1p2.xsd http://www.imsglobal.org/xsd/imsmd_rootv1p2p1 imsmd_rootv1p2p1.xsd http://www.adlnet.org/xsd/adlcp_rootv1p2 adlcp_rootv1p2.xsd">
 <metadata> 
  <schema>ADL SCORM</schema>
  <schemaversion>1.2</schemaversion>
 </metadata> 
 <organizations default="JClic">  
  <organization identifier="JClic">  
   <title>Atividade com Folclore</title>
   <item identifier="ITEM_JClic-FDD388" identifierref="RES_JClic-FDD388">
    <title>Atividade com Folclore</title>
   </item>
  </organization>
 </organizations>
 <resources>
  <resource identifier="RES_JClic-FDD388" type="webcontent" href="/index.html" adlcp:scormtype="sco"> 
   <file href="barco.png"/>
   <file href="beijo.png"/>
   <file href="boto.png"/>
   <file href="boto1.png"/>
   <file href="boto3.png"/>
   <file href="boto4.png"/>
   <file href="capa.jpg"/>
   <file href="favicon.ico"/>
   <file href="flc_2018_a.jclic"/>
   <file href="flc_2018_a.jclic.js"/>
   <file href="homem.png"/>
   <file href="icon-192.png"/>
   <file href="icon-72.png"/>
   <file href="imsmanifest.xml"/>
   <file href="index.html"/>
   <file href="peixe.png"/>
   <file href="project-cover.jpg"/>
   <file href="project-thumb.jpg"/>
   <file href="project.json"/>
   <file href="rede.png"/>
  </resource>
 </resources>
</manifest>